평균기온,강수량,미세먼지
7.0,0.0,40.0
8.4,7.2,45.0
2.6,14.2,11.0
2.1,7.4,7.0
4.6,0.0,11.0
4.9,0.1,13.0
5.1,0.0,24.0
7.4,0.0,26.0
6.2,0.0,36.0
6.4,0.0,40.0
8.7,0.0,42.0
10.9,0.0,45.0
11.0,0.0,54.0
10.6,0.0,40.0
7.5,2.0,21.0
5.1,0.0,20.0
3.8,0.0,30.0
2.4,0.2,27.0
4.1,0.0,43.0
8.0,0.0,46.0
13.3,0.0,48.0
15.3,0.0,48.0
16.3,0.0,56.0
17.3,0.0,76.0
17.1,0.0,123.0
17.1,0.0,67.0
18.1,0.0,39.0
9.4,0.0,43.0
5.3,0.3,22.0
4.8,0.0,20.0
6.8,0.0,36.0
10.0,0.0,37.0
9.6,3.3,29.0
9.9,0.0,27.0
11.1,0.0,31.0
10.5,1.2,29.0
12.4,0.0,34.0
13.9,0.0,37.0
15.9,0.0,57.0
14.4,0.0,67.0
15.7,0.0,52.0
16.9,0.0,38.0
14.2,8.9,33.0
7.4,11.0,40.0
5.9,6.4,22.0
10.3,0.1,16.0
15.7,0.0,38.0
19.2,0.0,51.0
21.8,0.0,60.0
21.5,0.3,33.0
17.1,0.9,19.0
19.6,0.0,26.0
16.3,17.9,22.0
17.5,0.4,19.0
17.9,0.0,49.0
14.5,0.0,59.0
15.4,0.0,31.0
17.3,0.0,31.0
17.3,0.0,43.0
15.4,0.0,39.0
19.1,0.0,41.0
16.4,32.6,29.0
15.3,0.0,21.0
11.1,15.4,18.0
15.3,0.0,28.0
11.8,1.3,24.0
12.2,0.0,22.0
15.5,0.0,26.0
18.3,0.0,35.0
14.9,16.1,19.0
15.1,0.0,12.0
15.5,0.1,23.0
17.2,0.0,35.0
18.7,0.0,45.0
20.6,0.0,42.0
20.8,1.7,26.0
19.6,29.0,20.0
22.5,5.1,22.0
18.1,0.0,52.0
20.6,0.0,41.0
24.9,0.0,33.0
24.9,0.0,21.0
20.1,0.0,29.0
18.3,0.0,26.0
14.6,1.5,13.0
18.3,0.9,16.0
20.4,0.0,27.0
21.6,0.0,37.0
21.1,0.4,45.0
19.5,29.5,31.0
18.9,0.0,18.0
20.4,0.0,19.0
23.0,0.0,29.0
20.9,0.0,41.0
22.8,0.0,31.0
22.3,0.0,25.0
22.5,0.0,20.0
22.6,0.0,38.0
24.6,0.0,34.0
26.2,0.0,32.0
26.5,0.3,33.0
26.2,0.0,31.0
25.0,0.0,19.0
25.5,0.0,31.0
21.1,25.2,30.0
22.2,79.5,12.0
26.7,0.0,25.0
25.5,1.3,19.0
25.5,0.0,34.0
26.7,0.0,41.0
26.8,0.0,35.0
26.3,3.6,7.0
22.3,102.0,8.0
22.8,17.5,17.0
25.0,0.0,28.0
20.5,20.1,25.0
22.7,1.1,18.0
24.9,0.0,30.0
26.4,0.0,30.0
26.8,5.0,37.0
28.3,0.0,24.0
29.6,0.0,16.0
30.1,0.0,16.0
30.5,0.0,18.0
30.1,0.0,28.0
28.8,0.0,27.0
29.1,0.0,22.0
29.4,0.0,19.0
31.7,0.0,28.0
29.9,0.0,25.0
29.3,0.0,17.0
28.0,0.0,15.0
28.1,0.0,19.0
26.8,0.0,20.0
25.2,31.3,23.0
24.6,3.9,15.0
23.8,9.0,16.0
23.0,6.1,23.0
23.5,46.9,15.0
25.7,14.2,11.0
22.7,39.5,6.0
26.8,0.0,17.0
27.1,0.1,17.0
28.5,0.0,21.0
29.3,0.0,30.0
29.6,0.0,37.0
29.5,0.0,17.0
29.5,0.0,11.0
29.9,0.0,10.0
30.2,0.0,16.0
30.9,0.0,20.0
29.9,0.0,20.0
29.6,0.0,22.0
29.9,0.0,23.0
31.0,0.0,28.0
28.4,45.7,31.0
28.6,32.5,13.0
30.3,0.0,17.0
28.6,0.5,15.0
28.1,0.0,18.0
26.7,0.0,23.0
24.5,0.8,27.0
26.3,7.3,15.0
24.1,1.4,21.0
23.4,4.0,13.0
27.2,0.4,18.0
28.9,0.0,14.0
29.3,0.0,13.0
29.4,0.0,15.0
28.5,0.0,12.0
29.4,0.0,22.0
30.0,0.0,23.0
29.9,0.0,20.0
29.7,2.1,18.0
29.9,0.0,25.0
30.4,0.0,18.0
30.5,0.0,21.0
30.7,0.0,20.0
26.9,3.1,11.0
28.6,0.0,18.0
28.2,0.0,22.0
29.7,0.0,20.0
29.5,0.0,14.0
26.9,0.5,19.0
27.6,1.0,11.0
26.0,3.2,15.0
27.0,0.0,19.0
26.4,12.0,14.0
27.9,9.3,14.0
27.9,1.3,18.0
25.5,15.5,14.0
22.9,0.1,24.0
19.9,14.4,12.0
22.4,7.4,10.0
23.9,0.0,20.0
22.4,15.2,19.0
25.0,20.2,14.0
24.0,0.1,13.0
25.8,0.0,22.0
27.1,0.0,24.0
25.0,3.9,15.0
21.3,0.3,13.0
21.1,0.0,16.0
21.7,26.2,11.0
21.0,0.0,12.0
19.9,0.0,14.0
21.2,0.0,14.0
22.7,0.0,23.0
23.6,31.1,14.0
22.3,0.0,21.0
22.7,0.0,23.0
21.2,3.3,14.0
20.9,0.0,15.0
20.9,0.0,15.0
20.4,0.0,26.0
19.8,0.0,34.0
18.9,20.0,15.0
20.7,0.9,10.0
22.0,1.2,17.0
19.7,20.3,12.0
19.7,18.1,8.0
20.8,0.5,15.0
19.5,0.0,17.0
20.2,0.0,20.0
21.8,0.0,22.0
19.6,6.2,16.0
17.8,19.4,10.0
17.6,39.1,6.0
19.8,0.0,18.0
19.9,15.7,11.0
19.8,0.5,21.0
18.2,3.2,13.0
17.4,0.0,17.0
14.6,0.0,16.0
14.1,0.0,10.0
14.6,0.0,11.0
14.9,0.0,14.0
14.1,0.0,16.0
15.4,0.0,16.0
15.1,0.0,25.0
10.9,0.0,25.0
8.5,0.0,19.0
7.8,0.0,28.0
8.6,0.0,31.0
10.5,0.0,29.0
13.4,0.8,25.0
10.7,0.9,27.0
7.4,0.0,24.0
9.4,0.0,33.0
9.3,0.0,38.0
10.5,0.0,42.0
11.4,0.0,39.0
11.8,2.7,35.0
14.0,7.9,41.0
10.5,0.0,26.0
8.7,0.0,18.0
7.3,0.0,34.0
9.7,0.0,48.0
8.5,0.0,39.0
8.3,0.0,32.0
8.3,0.0,31.0
1.1,0.0,35.0
4.0,0.0,27.0
4.5,0.0,28.0
8.5,0.0,39.0
7.2,0.0,24.0
6.8,0.0,35.0
7.2,0.0,42.0
10.1,0.0,46.0
6.7,0.9,50.0
5.8,0.0,50.0
6.1,0.9,50.0
4.2,0.0,16.0
2.8,0.0,28.0
6.5,0.0,41.0
6.9,0.0,39.0
4.3,0.0,33.0
-1.8,0.0,18.0
-0.8,0.0,18.0
-0.2,0.0,18.0
1.1,0.0,26.0
5.4,0.0,50.0
5.9,0.0,36.0
1.8,0.0,21.0
2.6,0.0,51.0
5.7,0.0,47.0
2.7,0.0,18.0
3.3,7.1,17.0
1.9,0.0,15.0
1.6,0.0,27.0
3.0,0.0,46.0
5.0,0.4,54.0
1.8,0.0,38.0
2.1,0.0,49.0
6.0,0.0,66.0
1.7,0.0,23.0
-1.5,0.0,28.0
0.6,0.3,39.0
3.7,1.4,22.0
-0.1,0.0,26.0
-5.3,0.0,12.0
-1.1,0.0,26.0
2.1,0.0,32.0
2.9,0.7,44.0
1.1,0.0,37.0
-2.6,0.0,19.0
-5.2,0.0,13.0
-5.2,0.0,16.0
-1.7,0.0,23.0
3.6,0.0,44.0
1.6,0.0,22.0
0.5,0.0,21.0
1.2,0.0,35.0
-2.5,0.0,19.0
-1.7,0.0,26.0
2.6,0.0,47.0
-3.6,0.0,13.0
-3.1,0.0,23.0
1.2,0.3,32.0
-1.3,0.0,25.0
5.9,0.0,67.0
3.3,0.0,80.0
3.4,0.0,65.0
2.1,0.0,59.0
1.3,0.0,44.0
-3.5,0.0,20.0
-5.7,0.0,18.0
-5.7,0.0,17.0
-2.6,0.0,32.0
-2.1,0.0,31.0
-2.2,0.0,15.0
-2.7,0.0,22.0
-0.4,0.0,28.0
-2.2,0.0,23.0
-1.4,0.0,29.0
-3.0,0.0,20.0
-1.7,0.0,24.0
-1.1,0.0,36.0
-2.7,0.7,33.0
-0.1,0.0,26.0
1.5,0.0,51.0
4.8,0.0,65.0
0.9,0.0,46.0
-3.9,0.0,31.0
-5.8,0.0,20.0
-0.4,0.0,20.0
2.0,0.0,37.0
4.0,0.0,43.0
2.8,0.0,61.0
3.7,0.0,84.0
5.3,0.0,84.0
6.7,0.0,71.0
4.1,0.0,24.0
3.3,0.0,16.0
4.3,0.0,26.0
3.1,0.0,22.0
4.4,0.0,39.0
9.4,0.0,50.0
9.2,0.0,99.0
5.1,0.0,24.0
1.7,10.2,24.0
5.4,0.0,21.0
6.9,0.0,27.0
7.7,0.1,20.0
6.6,0.0,23.0
